val_MAE,val_RMSE,val_R2,test_MAE,test_RMSE,test_R2
15.207475662231445,21.33728790283203,0.15714739537113165,15.966972351074219,22.389902114868164,0.19374313554974698
